date,open,high,low,close,volume,amount,outstanding_share,turnover
2025-01-13,24.2,24.97,23.71,24.53,990331.0,24501077.0,106000000.0,0.009342745283018868
2025-01-14,24.61,24.94,24.36,24.94,1422600.0,35417369.0,106000000.0,0.013420754716981132
2025-01-15,24.94,24.94,23.86,24.01,1765998.0,43157256.0,106000000.0,0.01666035849056604
2025-01-16,24.12,24.52,23.86,23.93,1159400.0,28208039.0,106000000.0,0.010937735849056603
2025-01-17,24.1,24.39,23.73,24.31,984800.0,23914580.0,106000000.0,0.00929056603773585
2025-01-20,24.31,24.4,23.39,23.57,1359500.0,32433288.0,106000000.0,0.012825471698113208
2025-01-21,23.55,24.25,23.51,24.25,1198100.0,28822482.0,106000000.0,0.011302830188679246
2025-01-22,24.25,24.25,23.36,23.42,799200.0,18989005.0,106000000.0,0.007539622641509434
2025-01-23,23.54,24.14,23.43,23.65,1278061.0,30491441.0,106000000.0,0.012057179245283019
2025-01-24,23.48,24.27,23.37,23.93,1537800.0,36996092.0,106000000.0,0.01450754716981132
2025-01-27,24.06,24.53,23.47,24.2,1713500.0,41691492.0,106000000.0,0.01616509433962264
2025-02-05,24.36,24.81,23.87,24.06,1168900.0,28670165.0,106000000.0,0.011027358490566038
2025-02-06,24.45,24.55,23.73,24.02,1748600.0,42456141.0,106000000.0,0.01649622641509434
2025-02-07,24.26,24.26,23.73,24.06,2059200.0,49684448.0,106000000.0,0.019426415094339622
2025-02-10,24.06,24.6,23.87,24.58,2198150.0,53714212.0,106000000.0,0.020737264150943395
2025-02-11,24.41,24.6,23.81,24.26,1604761.0,38834744.0,106000000.0,0.015139254716981132
2025-02-12,24.26,24.26,23.78,24.05,1308200.0,31523604.0,106000000.0,0.012341509433962264
2025-02-13,23.98,24.01,23.21,23.21,1666900.0,39601083.0,106000000.0,0.015725471698113207
2025-02-14,23.4,23.63,23.21,23.29,1044800.0,24551622.0,106000000.0,0.009856603773584906
2025-02-17,23.29,23.43,22.96,23.28,910122.0,21202588.0,106000000.0,0.008586056603773585
2025-02-18,23.25,23.25,22.31,22.35,1662600.0,37872044.0,106000000.0,0.01568490566037736
2025-02-19,22.35,24.1,22.35,23.7,2494022.0,58529177.0,106000000.0,0.023528509433962265
2025-02-20,23.76,23.86,23.01,23.47,1274022.0,29995139.0,106000000.0,0.012019075471698113
2025-02-21,23.58,23.59,22.52,22.81,1507500.0,34619083.0,106000000.0,0.014221698113207547
2025-02-24,22.81,22.91,22.2,22.74,1004800.0,22899766.0,106000000.0,0.009479245283018868
2025-02-25,22.74,23.06,22.4,22.65,942200.0,21471777.0,106000000.0,0.00888867924528302
2025-02-26,22.78,23.47,22.75,22.9,1263200.0,29357312.0,106000000.0,0.011916981132075472
2025-02-27,22.83,23.36,22.32,23.36,1624700.0,37229217.0,106000000.0,0.015327358490566038
2025-02-28,23.31,24.25,23.12,23.34,2349783.0,55966458.0,106000000.0,0.022167764150943396
2025-03-03,23.36,23.71,22.37,22.44,1768200.0,40788151.0,106000000.0,0.0166811320754717
2025-03-04,22.37,22.82,22.17,22.79,1105898.0,25046614.0,106000000.0,0.010433
2025-03-05,22.7,23.01,22.49,22.92,980100.0,22483122.0,106000000.0,0.009246226415094339
2025-03-06,22.91,23.04,22.71,22.89,933800.0,21471163.0,106000000.0,0.00880943396226415
2025-03-07,22.79,23.12,22.71,22.99,910200.0,21013973.0,106000000.0,0.00858679245283019
2025-03-10,22.99,23.66,22.7,22.72,1323100.0,30770788.0,106000000.0,0.012482075471698113
2025-03-11,22.75,22.77,21.98,22.55,1254000.0,28278252.0,106000000.0,0.011830188679245283
2025-03-12,22.55,23.23,22.55,22.63,1554400.0,35667731.0,106000000.0,0.014664150943396227
2025-03-13,22.49,22.84,22.34,22.48,1067400.0,24159203.0,106000000.0,0.010069811320754718
2025-03-14,22.45,22.92,22.17,22.87,1089500.0,24771006.0,106000000.0,0.010278301886792452
2025-03-17,22.87,23.11,22.42,22.82,1469900.0,33675264.0,106000000.0,0.013866981132075473
2025-03-18,22.91,25.05,22.7,23.58,4656638.0,112261217.0,106000000.0,0.04393054716981132
2025-03-19,23.48,23.74,23.13,23.54,1864850.0,44005316.0,106000000.0,0.017592924528301888
2025-03-20,23.35,25.01,23.35,24.41,3934050.0,96115398.0,106000000.0,0.03711367924528302
2025-03-21,24.2,24.52,23.74,23.86,1895800.0,45812227.0,106000000.0,0.01788490566037736
2025-03-24,23.64,25.35,23.54,24.97,4810811.0,120025351.0,106000000.0,0.045385009433962266
2025-03-25,25.05,25.45,23.61,23.68,3690400.0,91170713.0,106000000.0,0.03481509433962264
2025-03-26,23.68,24.53,23.66,24.44,2218361.0,53766163.0,106000000.0,0.02092793396226415
2025-03-27,24.27,24.57,23.74,23.84,1620100.0,39124865.0,106000000.0,0.015283962264150944
2025-03-28,23.38,24.07,23.26,23.33,1060861.0,25036640.0,106000000.0,0.010008122641509434
2025-03-31,23.12,23.33,22.54,23.25,1124100.0,25919619.0,106000000.0,0.010604716981132075
2025-04-01,23.25,23.63,23.19,23.49,806200.0,19025059.0,106000000.0,0.00760566037735849
2025-04-02,22.76,24.06,22.76,23.56,1025000.0,24487448.0,106000000.0,0.009669811320754717
2025-04-03,23.26,24.21,23.26,24.05,1442700.0,34764778.0,106000000.0,0.013610377358490565
2025-04-07,22.99,22.99,21.64,21.64,2539300.0,56038422.0,106000000.0,0.023955660377358492
2025-04-08,21.64,22.46,21.64,22.3,2001522.0,44493746.0,106000000.0,0.018882283018867924
2025-04-09,21.84,22.26,20.38,22.06,1556400.0,33636817.0,106000000.0,0.014683018867924528
2025-04-10,22.27,23.01,22.24,22.36,1251900.0,28393196.0,106000000.0,0.011810377358490566
2025-04-11,22.24,23.06,22.08,22.99,1765000.0,40505950.0,106000000.0,0.016650943396226414
2025-04-14,23.16,23.94,23.07,23.08,1841878.0,43492854.0,106000000.0,0.01737620754716981
2025-04-15,23.61,23.78,22.76,23.37,2069600.0,48793719.0,106000000.0,0.019524528301886793
2025-04-16,23.28,23.6,22.5,22.79,1515300.0,34840618.0,106000000.0,0.014295283018867925
2025-04-17,22.8,23.02,22.53,22.68,769800.0,17652770.0,106000000.0,0.007262264150943396
2025-04-18,22.73,23.16,22.08,22.35,923300.0,20778737.0,106000000.0,0.008710377358490565
2025-04-21,22.38,23.32,22.07,23.14,1389200.0,31749402.0,106000000.0,0.01310566037735849
2025-04-22,23.29,23.29,22.76,22.84,993400.0,23006527.0,106000000.0,0.009371698113207547
2025-04-23,22.84,23.21,22.6,23.03,1339600.0,30803084.0,106000000.0,0.012637735849056603
2025-04-24,22.96,23.42,22.76,23.31,1334100.0,31140184.0,106000000.0,0.012585849056603773
2025-04-25,23.46,23.78,23.22,23.39,1221700.0,28881404.0,106000000.0,0.011525471698113207
2025-04-28,23.46,24.36,23.13,24.32,2848700.0,68951962.0,106000000.0,0.02687452830188679
2025-04-29,24.4,24.4,23.67,24.1,1566661.0,38020957.0,106000000.0,0.01477982075471698
2025-04-30,23.85,24.26,23.85,24.11,979352.0,23726112.0,106000000.0,0.009239169811320756
2025-05-06,24.11,24.54,23.78,24.37,1651767.0,40155668.0,106000000.0,0.01558270754716981
2025-05-07,24.46,25.03,24.16,24.53,2106150.0,51951151.0,106000000.0,0.01986933962264151
2025-05-08,24.53,24.89,24.38,24.67,1342550.0,33261053.0,106000000.0,0.012665566037735849
2025-05-09,24.85,24.85,23.91,24.11,1591767.0,38749824.0,106000000.0,0.015016669811320755
2025-05-12,24.11,24.53,24.06,24.32,990767.0,24146155.0,106000000.0,0.009346858490566037
2025-05-13,24.51,24.64,24.14,24.24,896700.0,21950371.0,106000000.0,0.008459433962264151
2025-05-14,24.24,24.24,23.93,23.98,793950.0,19189926.0,106000000.0,0.007490094339622642
2025-05-15,23.97,24.16,23.71,24.15,875800.0,21131390.0,106000000.0,0.008262264150943397
2025-05-16,23.96,24.71,23.83,24.56,1188200.0,29177891.0,106000000.0,0.011209433962264152
2025-05-19,24.65,24.69,24.1,24.36,1271000.0,31019183.0,106000000.0,0.011990566037735849
2025-05-20,24.44,24.62,24.13,24.57,1606700.0,39463696.0,106000000.0,0.01515754716981132
2025-05-21,24.83,24.83,23.96,24.22,1309100.0,31932415.0,106000000.0,0.01235
2025-05-22,24.06,24.63,23.76,23.82,992300.0,24200353.0,106000000.0,0.009361320754716981
2025-05-23,23.81,24.72,23.51,24.16,1932300.0,47283965.0,106000000.0,0.018229245283018867
2025-05-26,23.9,25.83,23.9,25.09,4122000.0,104475593.0,106000000.0,0.038886792452830186
2025-05-27,25.1,26.34,25.02,25.72,4112465.0,106486827.0,106000000.0,0.03879683962264151
2025-05-28,25.69,25.85,25.23,25.83,1983800.0,51071292.0,106000000.0,0.01871509433962264
2025-05-29,25.83,26.25,25.13,25.94,4666000.0,121041612.0,106000000.0,0.044018867924528304
2025-05-30,26.03,26.06,24.86,25.27,3494600.0,89588055.0,106000000.0,0.032967924528301884
2025-06-03,25.07,27.79,24.5,27.3,6408066.0,172300887.0,106000000.0,0.06045345283018868
2025-06-04,27.72,28.69,27.13,27.36,6865200.0,192332099.0,106000000.0,0.06476603773584906
2025-06-05,27.22,28.32,26.86,28.08,4808500.0,134667474.0,106000000.0,0.04536320754716981
2025-06-06,27.84,29.71,27.84,29.13,4248808.0,124127949.0,106000000.0,0.04008309433962264
2025-06-09,28.83,28.86,27.54,27.82,5045300.0,142042264.0,106000000.0,0.047597169811320755
2025-06-10,27.74,30.12,27.34,28.54,6687266.0,192617344.0,106000000.0,0.06308741509433963
2025-06-11,28.92,30.87,28.23,30.58,6158008.0,185295463.0,106000000.0,0.05809441509433962
2025-06-12,30.43,31.76,30.16,31.57,5851789.0,181823216.0,106000000.0,0.05520555660377358
2025-06-13,31.75,34.56,31.57,34.31,6650600.0,218989189.0,106000000.0,0.06274150943396227
2025-06-16,31.92,34.02,30.87,31.3,8072766.0,254405818.0,106000000.0,0.07615816981132076
2025-06-17,30.56,31.6,30.08,30.31,4983331.0,153057338.0,106000000.0,0.047012556603773584
2025-06-18,30.01,30.42,29.43,29.86,3048700.0,91429638.0,106000000.0,0.02876132075471698
2025-06-19,29.93,30.21,28.23,28.3,3441100.0,99642719.0,106000000.0,0.03246320754716981
2025-06-20,28.28,28.41,26.93,28.08,2680300.0,74515196.0,106000000.0,0.025285849056603773
2025-06-23,28.58,28.63,27.63,28.09,1472800.0,41428982.0,106000000.0,0.01389433962264151
2025-06-24,28.1,28.76,28.09,28.38,1543300.0,43842287.0,106000000.0,0.01455943396226415
2025-06-25,28.48,28.68,27.93,28.22,2030900.0,57584176.0,106000000.0,0.01915943396226415
2025-06-26,27.94,28.28,27.51,27.68,1409600.0,39243765.0,106000000.0,0.013298113207547169
2025-06-27,27.83,28.1,27.29,27.83,1819200.0,50368373.0,106000000.0,0.017162264150943397
2025-06-30,27.83,28.39,27.27,28.0,2519400.0,69980175.0,106000000.0,0.023767924528301888
2025-07-01,27.9,28.84,27.67,28.64,2608600.0,74098937.0,106000000.0,0.02460943396226415
2025-07-02,28.51,28.7,27.36,27.41,2453300.0,68518532.0,106000000.0,0.02314433962264151
2025-07-03,27.43,28.03,27.35,27.79,1617300.0,44800610.0,106000000.0,0.015257547169811321
2025-07-04,27.96,28.31,27.59,27.61,1601000.0,44711190.0,106000000.0,0.01510377358490566
2025-07-07,27.57,28.51,27.48,28.06,1424200.0,40172771.0,106000000.0,0.013435849056603773
2025-07-08,27.96,29.23,27.82,28.89,2584300.0,73819922.0,106000000.0,0.024380188679245282
2025-07-09,28.94,30.98,28.93,30.36,4152500.0,125236823.0,106000000.0,0.03917452830188679
2025-07-10,30.38,30.73,29.82,30.29,2583600.0,78255583.0,106000000.0,0.024373584905660377
2025-07-11,30.51,31.06,30.33,30.54,2235730.0,68631271.0,106000000.0,0.021091792452830188
2025-07-14,31.2,31.21,29.29,30.3,2884400.0,86857845.0,106000000.0,0.02721132075471698
2025-07-15,30.15,30.73,29.78,29.99,1914999.0,57834389.0,106000000.0,0.01806602830188679
2025-07-16,30.03,30.81,29.55,29.73,2891800.0,86893753.0,106000000.0,0.027281132075471698
2025-07-17,29.63,30.1,29.48,29.73,1547100.0,46196342.0,106000000.0,0.014595283018867925
2025-07-18,29.73,30.13,29.09,30.11,2159300.0,64239505.0,106000000.0,0.020370754716981132
2025-07-21,30.11,30.11,29.44,29.8,1511700.0,45043355.0,106000000.0,0.01426132075471698
2025-07-22,29.61,30.33,29.34,29.73,1572700.0,46854812.0,106000000.0,0.014836792452830188
2025-07-23,29.19,30.48,29.19,29.76,2318100.0,69552600.0,106000000.0,0.0218688679245283
2025-07-24,29.76,29.97,29.23,29.59,1645900.0,48784936.0,106000000.0,0.015527358490566037
2025-07-25,29.59,30.53,29.51,30.49,2247700.0,67579071.0,106000000.0,0.021204716981132077
2025-07-28,30.53,31.67,30.17,30.83,3240760.0,100376703.0,106000000.0,0.03057320754716981
2025-07-29,30.73,32.34,30.55,31.88,2435200.0,76730047.0,106000000.0,0.02297358490566038
2025-07-30,31.88,31.88,30.83,31.03,1853800.0,58141866.0,106000000.0,0.01748867924528302
2025-07-31,31.03,31.37,30.0,30.14,1707100.0,52396633.0,106000000.0,0.016104716981132076
2025-08-01,30.08,30.61,30.08,30.31,1013400.0,30718036.0,106000000.0,0.009560377358490565
2025-08-04,30.31,31.22,29.52,31.12,2267600.0,69361150.0,106000000.0,0.021392452830188678
2025-08-05,31.32,34.24,31.16,34.24,3582500.0,118212943.0,106000000.0,0.033797169811320756
2025-08-06,33.9,35.91,33.9,35.04,5971900.0,208699541.0,106000000.0,0.05633867924528302
2025-08-07,34.91,36.44,33.34,33.95,7240735.0,253286520.0,106000000.0,0.06830882075471698
2025-08-08,33.9,35.02,33.42,34.79,3715900.0,127880193.0,106000000.0,0.03505566037735849
2025-08-11,34.91,36.16,34.8,35.94,3936536.0,140674534.0,106000000.0,0.037137132075471695
2025-08-12,36.01,36.4,35.28,35.95,2696700.0,96767184.0,106000000.0,0.02544056603773585
2025-08-13,35.91,37.41,35.66,36.77,4887535.0,179565261.0,106000000.0,0.04610882075471698
2025-08-14,36.71,36.71,34.77,34.82,4213400.0,149345923.0,106000000.0,0.039749056603773585
2025-08-15,34.71,35.41,34.52,34.9,1910900.0,67042276.0,106000000.0,0.01802735849056604
2025-08-18,34.9,36.08,34.9,35.48,2600635.0,92916769.0,106000000.0,0.02453429245283019
2025-08-19,35.49,36.47,34.32,36.32,3680100.0,131877909.0,106000000.0,0.034717924528301886
2025-08-20,36.54,36.61,35.76,36.24,1648000.0,59549450.0,106000000.0,0.015547169811320755
2025-08-21,36.16,36.77,35.31,35.48,1528000.0,54965550.0,106000000.0,0.014415094339622642
2025-08-22,35.61,37.13,34.93,36.02,3347900.0,121580308.0,106000000.0,0.031583962264150944
2025-08-25,36.01,37.12,34.82,36.63,3589700.0,129139830.0,106000000.0,0.03386509433962264
2025-08-26,36.71,36.96,35.41,36.25,2464000.0,89580581.0,106000000.0,0.023245283018867923
2025-08-27,36.2,36.51,35.11,35.12,2002500.0,71942206.0,106000000.0,0.018891509433962263
2025-08-28,35.28,38.61,34.9,37.71,4035400.0,146501896.0,106000000.0,0.038069811320754716
2025-08-29,37.71,39.9,37.09,38.71,3547800.0,137531939.0,106000000.0,0.03346981132075472
2025-09-01,39.39,39.8,38.51,38.81,2143900.0,84338047.0,106000000.0,0.020225471698113208
2025-09-02,38.8,39.5,37.65,37.87,1791200.0,68652734.0,106000000.0,0.01689811320754717
2025-09-03,38.15,38.71,35.9,36.23,1778600.0,65718754.0,106000000.0,0.016779245283018867
2025-09-04,36.18,37.09,35.09,35.67,2414400.0,87559161.0,106000000.0,0.022777358490566037
2025-09-05,35.56,37.81,35.08,37.13,2040900.0,74100624.0,106000000.0,0.01925377358490566
2025-09-08,37.13,37.71,36.71,36.95,1613000.0,59863561.0,106000000.0,0.015216981132075471
2025-09-09,36.89,36.89,35.6,36.07,1491900.0,53860005.0,106000000.0,0.014074528301886793
2025-09-10,36.18,37.1,36.18,36.49,1283700.0,47052383.0,106000000.0,0.012110377358490566
2025-09-11,36.67,37.09,35.8,36.68,1168100.0,42699699.0,106000000.0,0.011019811320754717
2025-09-12,36.72,39.1,36.22,38.33,3009829.0,113178961.0,106000000.0,0.02839461320754717
2025-09-15,38.31,42.16,37.86,42.16,3653400.0,147368227.0,106000000.0,0.03446603773584905
2025-09-16,42.38,46.38,42.33,46.38,6713357.0,303937974.0,106000000.0,0.06333355660377359
2025-09-17,46.59,48.0,45.5,46.0,6183266.0,288752631.0,106000000.0,0.05833269811320755
2025-09-18,46.0,46.79,43.8,44.15,5555191.0,250113014.0,106000000.0,0.052407462264150946
2025-09-19,44.48,45.29,42.78,43.29,3226800.0,141272320.0,106000000.0,0.030441509433962264
2025-09-22,43.0,43.81,39.12,40.1,6483800.0,267487484.0,106000000.0,0.06116792452830189
2025-09-23,40.09,40.09,38.29,39.5,3611200.0,141427003.0,106000000.0,0.03406792452830189
2025-09-24,39.26,39.62,38.51,39.19,2224600.0,86585515.0,106000000.0,0.020986792452830187
2025-09-25,39.2,39.76,37.95,38.53,2576900.0,99737319.0,106000000.0,0.024310377358490565
2025-09-26,38.53,38.53,37.35,37.64,2067400.0,78419680.0,106000000.0,0.01950377358490566
2025-09-29,37.74,38.45,36.85,37.8,1917500.0,72239191.0,106000000.0,0.018089622641509435
2025-09-30,37.7,37.88,35.66,36.5,3626275.0,131831856.0,106000000.0,0.03421014150943396
2025-10-09,36.3,36.5,34.4,34.48,3518600.0,123693875.0,106000000.0,0.03319433962264151
2025-10-10,34.62,36.5,34.41,35.52,3281235.0,116739005.0,106000000.0,0.03095504716981132
2025-10-13,34.4,37.8,33.04,37.62,4329035.0,157597210.0,106000000.0,0.04083995283018868
2025-10-14,37.97,38.03,35.36,35.39,2473400.0,89918990.0,106000000.0,0.023333962264150944
2025-10-15,35.2,37.0,34.62,36.78,1946546.0,70081521.0,106000000.0,0.018363641509433964
2025-10-16,36.78,38.12,36.24,36.98,2426000.0,90222310.0,106000000.0,0.02288679245283019
2025-10-17,37.0,37.0,35.0,35.29,1819500.0,65076050.0,106000000.0,0.01716509433962264
2025-10-20,35.6,35.77,35.0,35.64,788729.0,27925722.0,106000000.0,0.00744083962264151
2025-10-21,35.7,36.48,35.43,35.83,1217400.0,43648106.0,106000000.0,0.011484905660377359
2025-10-22,35.83,36.13,35.52,35.79,591800.0,21163793.0,106000000.0,0.005583018867924529
2025-10-23,35.79,37.42,35.21,36.93,2673300.0,97710587.0,106000000.0,0.025219811320754716
2025-10-24,37.01,38.1,36.9,37.2,1959900.0,73559278.0,106000000.0,0.018489622641509433
2025-10-27,37.08,37.85,36.78,37.2,1536500.0,57206465.0,106000000.0,0.014495283018867924
2025-10-28,37.8,38.66,37.01,37.12,2331800.0,87843829.0,106000000.0,0.02199811320754717
2025-10-29,37.12,37.15,36.04,36.39,1776300.0,64696873.0,106000000.0,0.016757547169811322
2025-10-30,36.39,36.46,35.53,35.56,1090700.0,39149744.0,106000000.0,0.010289622641509434
2025-10-31,35.56,36.78,35.56,36.34,1105100.0,40072387.0,106000000.0,0.010425471698113208
2025-11-03,36.26,36.8,35.82,36.04,1507900.0,54681068.0,106000000.0,0.014225471698113208
2025-11-04,35.94,36.22,35.3,35.58,933700.0,33265964.0,106000000.0,0.008808490566037736
2025-11-05,33.76,35.88,33.76,34.78,1420300.0,49569427.0,106000000.0,0.013399056603773584
2025-11-06,34.78,35.19,34.5,34.63,832900.0,29004687.0,106000000.0,0.00785754716981132
2025-11-07,34.8,35.5,33.99,34.39,1802600.0,62354459.0,106000000.0,0.01700566037735849
2025-11-10,34.35,34.67,33.82,34.1,997000.0,33971328.0,106000000.0,0.009405660377358491
2025-11-11,34.23,34.39,33.87,34.25,830700.0,28336655.0,106000000.0,0.007836792452830189
2025-11-12,34.27,37.68,33.81,37.68,3103600.0,111298430.0,106000000.0,0.029279245283018868
2025-11-13,38.59,39.65,37.83,38.8,5875400.0,226756397.0,106000000.0,0.05542830188679245
2025-11-14,38.8,41.79,38.32,41.12,5677803.0,227895081.0,106000000.0,0.05356417924528302
2025-11-17,40.76,45.23,39.0,42.97,8875200.0,386874040.0,106000000.0,0.08372830188679245
2025-11-18,42.99,42.99,38.67,39.73,5912846.0,235228646.0,106000000.0,0.05578156603773585
2025-11-19,39.0,39.64,37.94,39.13,3493100.0,135578723.0,106000000.0,0.03295377358490566
2025-11-20,39.43,39.84,38.15,38.52,2013600.0,78329606.0,106000000.0,0.01899622641509434
2025-11-21,37.61,38.35,36.19,36.45,2062646.0,76333077.0,106000000.0,0.019458924528301887
2025-11-24,36.73,40.1,35.01,39.08,3964546.0,150435323.0,106000000.0,0.03740137735849056
2025-11-25,39.31,40.08,38.08,39.41,2285500.0,90106843.0,106000000.0,0.021561320754716982
2025-11-26,39.02,39.57,38.51,38.81,1344046.0,52278252.0,106000000.0,0.012679679245283019
2025-11-27,38.8,39.48,38.5,39.0,1213400.0,47386868.0,106000000.0,0.011447169811320755
2025-11-28,38.64,39.13,38.01,38.87,1269200.0,49005538.0,106000000.0,0.011973584905660377
2025-12-01,38.9,39.2,37.9,38.33,1384700.0,53205076.0,106000000.0,0.013063207547169811
2025-12-02,38.1,38.77,37.97,38.42,925600.0,35422496.0,106000000.0,0.008732075471698113
2025-12-03,38.11,38.66,37.71,38.58,1189400.0,45520930.0,106000000.0,0.011220754716981132
2025-12-04,38.5,39.15,37.88,37.94,1182100.0,45402250.0,106000000.0,0.01115188679245283
2025-12-05,37.75,38.1,37.22,37.95,914700.0,34492903.0,106000000.0,0.008629245283018868
2025-12-08,37.95,39.3,37.95,38.68,1366100.0,52762123.0,106000000.0,0.012887735849056604
2025-12-09,38.76,38.9,37.46,37.5,1144100.0,43594519.0,106000000.0,0.010793396226415094
2025-12-10,37.51,37.74,36.02,36.51,1652400.0,60557502.0,106000000.0,0.015588679245283019
2025-12-11,35.99,38.38,35.05,35.7,2397700.0,87293682.0,106000000.0,0.022619811320754718
2025-12-12,35.09,35.88,34.66,35.71,1711467.0,60568539.0,106000000.0,0.016145915094339623
2025-12-15,35.48,35.88,35.01,35.18,1055100.0,37310932.0,106000000.0,0.009953773584905661
2025-12-16,35.09,35.98,34.57,34.92,1302200.0,45835295.0,106000000.0,0.01228490566037736
2025-12-17,34.73,36.0,33.74,35.6,1572400.0,54608522.0,106000000.0,0.014833962264150943
2025-12-18,35.29,36.27,35.0,36.2,1342700.0,48099209.0,106000000.0,0.012666981132075471
2025-12-19,36.3,37.85,35.46,36.01,1405000.0,50809369.0,106000000.0,0.013254716981132075
2025-12-22,36.22,38.89,36.18,37.32,2480800.0,92650261.0,106000000.0,0.02340377358490566
2025-12-23,36.96,37.8,36.58,36.79,944400.0,34992621.0,106000000.0,0.008909433962264152
2025-12-24,36.68,38.88,36.5,37.6,1896067.0,71857477.0,106000000.0,0.017887424528301887
2025-12-25,37.47,38.5,37.37,37.66,1055000.0,39864129.0,106000000.0,0.009952830188679245
2025-12-26,37.66,37.66,36.88,36.88,1061500.0,39457155.0,106000000.0,0.010014150943396227
2025-12-29,36.87,38.48,36.87,37.9,1459600.0,55162914.0,106000000.0,0.013769811320754718
2025-12-30,38.0,40.31,37.51,38.9,2671600.0,104400283.0,106000000.0,0.02520377358490566
2025-12-31,38.83,42.14,38.71,41.8,4225900.0,173789804.0,106000000.0,0.03986698113207547
2026-01-05,41.36,41.83,38.06,38.06,4796990.0,188150303.0,106000000.0,0.04525462264150944
2026-01-06,38.07,39.49,37.5,38.64,2523000.0,96738922.0,106000000.0,0.02380188679245283
2026-01-07,38.7,42.5,38.7,41.99,7645290.0,316194405.0,106000000.0,0.07212537735849056
2026-01-08,41.79,43.35,41.1,42.49,5241390.0,221228508.0,106000000.0,0.04944707547169811
2026-01-09,42.22,44.19,42.02,42.99,2982690.0,128707281.0,106000000.0,0.028138584905660378
2026-01-12,43.1,45.2,42.5,43.72,4194500.0,184898701.0,106000000.0,0.039570754716981134
2026-01-13,44.0,45.77,42.98,43.24,3307900.0,145499545.0,106000000.0,0.031206603773584907
2026-01-14,43.06,43.73,41.16,42.0,4006100.0,169984722.0,106000000.0,0.037793396226415095
2026-01-15,41.66,42.29,40.61,41.39,2440900.0,101020706.0,106000000.0,0.023027358490566037
2026-01-16,41.3,42.3,40.77,41.78,1885510.0,78392417.0,106000000.0,0.017787830188679247
2026-01-19,41.78,43.2,41.48,41.85,2510100.0,105983308.0,106000000.0,0.023680188679245283
2026-01-20,42.01,42.01,40.5,41.16,1601900.0,65889655.0,106000000.0,0.015112264150943397
2026-01-21,41.39,45.28,40.8,45.28,4760000.0,209040828.0,106000000.0,0.04490566037735849
2026-01-22,45.0,46.0,44.1,44.26,4772310.0,213860951.0,106000000.0,0.04502179245283019
2026-01-23,45.1,47.0,44.24,46.4,3792800.0,175042520.0,106000000.0,0.0357811320754717
2026-01-26,45.95,46.23,42.36,43.81,4440666.0,195320963.0,106000000.0,0.04189307547169811
2026-01-27,44.1,45.97,42.69,43.92,5577929.0,245138381.0,106000000.0,0.05262197169811321
2026-01-28,43.7,46.7,42.8,46.2,4618529.0,207860026.0,106000000.0,0.04357102830188679
2026-01-29,46.2,47.5,45.0,45.32,3760000.0,173657814.0,106000000.0,0.03547169811320755
2026-01-30,45.0,46.86,44.81,45.56,3152502.0,143969542.0,106000000.0,0.029740584905660377
2026-02-02,44.87,45.87,41.54,42.12,3269800.0,141494316.0,106000000.0,0.030847169811320754
2026-02-03,42.99,43.0,40.72,41.58,3322990.0,138209325.0,106000000.0,0.031348962264150945
2026-02-04,41.84,41.92,39.77,40.37,2497702.0,100687532.0,106000000.0,0.02356322641509434
2026-02-05,40.17,44.41,39.78,44.41,4083600.0,174774451.0,106000000.0,0.038524528301886796
2026-02-06,44.77,45.7,43.26,44.85,4609200.0,205410260.0,106000000.0,0.04348301886792453
2026-02-09,45.66,45.95,43.49,43.5,2483300.0,109177295.0,106000000.0,0.023427358490566038
2026-02-10,43.25,43.7,42.74,42.81,1642800.0,70834893.0,106000000.0,0.01549811320754717
2026-02-11,42.53,43.11,41.54,41.92,1899000.0,80505897.0,106000000.0,0.017915094339622642
2026-02-12,41.92,42.15,41.0,41.12,1307800.0,54321307.0,106000000.0,0.012337735849056604
2026-02-13,41.12,41.66,40.9,41.19,1154000.0,47659480.0,106000000.0,0.01088679245283019
2026-02-24,41.4,41.95,41.0,41.7,1316400.0,54510343.0,106000000.0,0.012418867924528301
2026-02-25,41.65,41.65,40.75,41.36,1108200.0,45686300.0,106000000.0,0.010454716981132076
2026-02-26,41.29,41.46,40.53,40.9,1157100.0,47251314.0,106000000.0,0.010916037735849057
2026-02-27,40.98,41.16,39.48,40.41,1601300.0,64823205.0,106000000.0,0.015106603773584906
2026-03-02,40.0,40.5,38.98,39.38,1962300.0,77465946.0,106000000.0,0.018512264150943397
2026-03-03,39.48,39.48,37.6,37.96,2097400.0,80370685.0,106000000.0,0.019786792452830188
2026-03-04,37.6,38.48,37.01,37.2,1110700.0,41645223.0,106000000.0,0.010478301886792453
2026-03-05,37.5,37.9,37.17,37.5,988500.0,37109528.0,106000000.0,0.009325471698113208
2026-03-06,37.52,39.53,37.5,39.29,1754400.0,67918985.0,106000000.0,0.016550943396226415
2026-03-09,38.6,39.1,37.51,38.0,1126300.0,42741811.0,106000000.0,0.010625471698113207
2026-03-10,38.0,39.88,37.54,39.04,1422800.0,55224150.0,106000000.0,0.013422641509433963
2026-03-11,39.1,39.2,38.11,38.55,1099000.0,42363737.0,106000000.0,0.010367924528301887
2026-03-12,38.67,39.07,38.15,38.69,834200.0,32267154.0,106000000.0,0.007869811320754717
2026-03-13,38.8,40.98,38.44,40.0,2635400.0,105292934.0,106000000.0,0.024862264150943395
2026-03-16,40.2,40.3,38.83,39.49,1481200.0,58464200.0,106000000.0,0.013973584905660377
2026-03-17,39.45,39.59,38.04,38.26,1266100.0,48717729.0,106000000.0,0.01194433962264151
2026-03-18,38.25,42.09,38.1,40.78,5508370.0,226266342.0,106000000.0,0.05196575471698113
2026-03-19,40.78,40.78,38.2,38.32,3719630.0,145285643.0,106000000.0,0.03509084905660377
2026-03-20,39.09,40.97,38.11,40.1,4002100.0,158728575.0,106000000.0,0.03775566037735849
2026-03-23,39.1,40.9,36.09,36.56,4075600.0,157480071.0,106000000.0,0.03844905660377358
2026-03-24,37.3,40.0,36.26,39.7,3538740.0,135709167.0,106000000.0,0.03338433962264151
2026-03-25,40.85,40.87,38.26,38.7,2412400.0,93549366.0,106000000.0,0.022758490566037737
2026-03-26,38.5,39.98,37.8,38.26,1602100.0,62233707.0,106000000.0,0.015114150943396227
2026-03-27,38.0,38.26,37.25,37.83,1492100.0,56245221.0,106000000.0,0.014076415094339623
2026-03-30,37.7,37.7,36.6,37.18,1209100.0,44825075.0,106000000.0,0.011406603773584906
2026-03-31,37.56,38.98,36.96,37.31,1669400.0,63256580.0,106000000.0,0.015749056603773584
2026-04-01,37.66,37.99,37.1,37.51,1207400.0,45336434.0,106000000.0,0.011390566037735849
2026-04-02,37.35,37.36,36.1,36.29,1165700.0,42587625.0,106000000.0,0.010997169811320755
2026-04-03,36.8,37.15,35.51,36.5,1949100.0,70767834.0,106000000.0,0.018387735849056605
2026-04-07,36.47,37.88,36.0,37.21,1475600.0,54799567.0,106000000.0,0.013920754716981133
2026-04-08,37.7,39.79,37.22,39.34,2411300.0,92837415.0,106000000.0,0.02274811320754717
2026-04-09,39.03,39.2,38.06,38.97,1908700.0,73932546.0,106000000.0,0.018006603773584904
2026-04-10,39.29,40.6,39.1,39.45,2733800.0,108502875.0,106000000.0,0.02579056603773585
2026-04-13,39.15,40.0,39.15,39.48,1628700.0,64388809.0,106000000.0,0.015365094339622642
2026-04-14,39.84,40.31,39.27,39.62,1421000.0,56189023.0,106000000.0,0.01340566037735849
2026-04-15,39.4,40.29,39.37,39.44,1181800.0,46991951.0,106000000.0,0.011149056603773584
2026-04-16,39.66,40.09,39.19,39.97,1434300.0,56830980.0,106000000.0,0.013531132075471698
2026-04-17,39.9,42.5,39.68,41.91,2600529.0,107409909.0,106000000.0,0.024533292452830188
2026-04-20,41.82,41.93,41.05,41.06,1951200.0,80658014.0,106000000.0,0.01840754716981132
2026-04-21,41.12,41.62,40.5,40.8,1340300.0,54731401.0,106000000.0,0.012644339622641509
2026-04-22,40.64,41.79,40.25,41.16,1925300.0,78814257.0,106000000.0,0.01816320754716981
2026-04-23,41.22,43.9,41.18,43.2,4096100.0,176088761.0,106000000.0,0.03864245283018868
2026-04-24,43.55,47.52,43.02,47.52,6395202.0,295734309.0,106000000.0,0.06033209433962264
2026-04-27,48.0,51.9,47.52,51.8,8112202.0,407715639.0,106000000.0,0.07653020754716981
2026-04-28,49.53,50.66,46.62,46.62,3651000.0,174164050.0,106000000.0,0.034443396226415096
2026-04-29,45.0,46.5,43.11,45.01,5018500.0,224813378.0,106000000.0,0.04734433962264151
2026-04-30,45.01,46.12,43.52,43.74,3452900.0,153864160.0,106000000.0,0.03257452830188679
2026-05-06,44.8,44.8,42.5,43.06,3325500.0,143481246.0,106000000.0,0.03137264150943396
2026-05-07,43.6,43.6,42.51,43.0,3283300.0,140838547.0,106000000.0,0.03097452830188679
2026-05-08,42.95,43.84,42.12,43.35,4351200.0,187620498.0,106000000.0,0.04104905660377359
2026-05-11,44.2,46.65,43.55,46.65,7557167.0,338170453.0,106000000.0,0.07129402830188679
2026-05-12,46.66,49.23,44.0,44.6,6324602.0,291731796.0,106000000.0,0.05966605660377358
2026-05-13,43.35,44.27,42.0,43.87,4174100.0,180372523.0,106000000.0,0.03937830188679245
2026-05-14,44.0,44.47,42.4,42.4,2970600.0,128413883.0,106000000.0,0.028024528301886793
2026-05-15,42.73,42.74,40.56,40.89,2769100.0,114516106.0,106000000.0,0.02612358490566038
2026-05-18,40.5,41.99,39.83,41.35,2123302.0,87189383.0,106000000.0,0.020031150943396227
2026-05-19,42.12,42.48,40.55,42.39,2149100.0,89378038.0,106000000.0,0.020274528301886793
2026-05-20,41.88,43.01,41.03,41.2,1965700.0,81976935.0,106000000.0,0.018544339622641508
2026-05-21,41.8,42.33,40.15,40.18,2682400.0,111057771.0,106000000.0,0.02530566037735849
2026-05-22,40.18,41.65,39.65,41.37,1967100.0,80396326.0,106000000.0,0.018557547169811322
2026-05-25,41.37,41.66,40.28,40.6,1567900.0,64027884.0,106000000.0,0.014791509433962265
2026-05-26,40.69,40.98,37.43,38.83,3016400.0,116476136.0,106000000.0,0.028456603773584905
2026-05-27,38.99,39.0,36.1,36.55,2280000.0,84548175.0,106000000.0,0.02150943396226415
2026-05-28,36.99,38.11,35.66,37.79,1819300.0,67227914.0,106000000.0,0.017163207547169813
2026-05-29,37.51,38.19,35.87,35.99,1450100.0,53170224.0,106000000.0,0.013680188679245283
2026-06-01,35.8,38.5,35.8,38.2,1915400.0,71720299.0,106000000.0,0.018069811320754716
2026-06-02,38.0,38.6,37.02,37.22,1440800.0,54136469.0,106000000.0,0.01359245283018868
2026-06-03,36.93,38.13,36.93,37.95,1252700.0,47160551.0,106000000.0,0.011817924528301887
2026-06-04,37.94,37.94,36.62,36.67,1224600.0,45310842.0,106000000.0,0.011552830188679246
2026-06-05,36.72,37.06,35.94,36.4,1067000.0,38866611.0,106000000.0,0.010066037735849057
2026-06-08,35.0,36.4,33.45,34.15,1840900.0,63933047.0,106000000.0,0.017366981132075472
2026-06-09,34.5,34.65,33.5,34.18,1694700.0,57515091.0,106000000.0,0.015987735849056602
2026-06-10,33.7,34.15,32.7,33.17,989900.0,32864822.0,106000000.0,0.009338679245283019
2026-06-11,33.16,33.2,31.84,32.32,1576300.0,50984060.0,106000000.0,0.014870754716981132
2026-06-12,32.75,33.49,32.12,33.11,1466400.0,48030783.0,106000000.0,0.013833962264150944
2026-06-15,33.28,35.1,32.89,33.32,2965300.0,99851969.0,106000000.0,0.027974528301886792
2026-06-16,32.99,33.82,30.7,32.3,3597600.0,114214969.0,106000000.0,0.03393962264150943
